
{"items":[{"name":"LotOfWindowsSpaceInvader","href":"LotOfWindowsSpaceInvader.html","topicHref":"LotOfWindowsSpaceInvader.html","topicUid":"LotOfWindowsSpaceInvader","items":[{"name":"Bullet","href":"LotOfWindowsSpaceInvader.Bullet.html","topicHref":"LotOfWindowsSpaceInvader.Bullet.html","topicUid":"LotOfWindowsSpaceInvader.Bullet"},{"name":"Form1","href":"LotOfWindowsSpaceInvader.Form1.html","topicHref":"LotOfWindowsSpaceInvader.Form1.html","topicUid":"LotOfWindowsSpaceInvader.Form1"},{"name":"GameOverWindow","href":"LotOfWindowsSpaceInvader.GameOverWindow.html","topicHref":"LotOfWindowsSpaceInvader.GameOverWindow.html","topicUid":"LotOfWindowsSpaceInvader.GameOverWindow"},{"name":"HUD","href":"LotOfWindowsSpaceInvader.HUD.html","topicHref":"LotOfWindowsSpaceInvader.HUD.html","topicUid":"LotOfWindowsSpaceInvader.HUD"},{"name":"Invader","href":"LotOfWindowsSpaceInvader.Invader.html","topicHref":"LotOfWindowsSpaceInvader.Invader.html","topicUid":"LotOfWindowsSpaceInvader.Invader"},{"name":"LevelSelect","href":"LotOfWindowsSpaceInvader.LevelSelect.html","topicHref":"LotOfWindowsSpaceInvader.LevelSelect.html","topicUid":"LotOfWindowsSpaceInvader.LevelSelect"},{"name":"LevelSettings","href":"LotOfWindowsSpaceInvader.LevelSettings.html","topicHref":"LotOfWindowsSpaceInvader.LevelSettings.html","topicUid":"LotOfWindowsSpaceInvader.LevelSettings"},{"name":"Obstacle","href":"LotOfWindowsSpaceInvader.Obstacle.html","topicHref":"LotOfWindowsSpaceInvader.Obstacle.html","topicUid":"LotOfWindowsSpaceInvader.Obstacle"}]}],"memberLayout":"SamePage","pdf":true}
